Year,Month,Models,December 2023,December 2022,%,Year To Date 2023,Year To Date 2022,%
2018,1,S60 II,"1,370","1,333",2.8 %,"1,370","1,333",2.8 %
2018,1,S60L,"2,710","2,104",28.8 %,"2,710","2,104",28.8 %
2018,1,S60 CC,108,85,27.1 %,108,85,27.1 %
2018,1,S80 II,0,3,-,-,3,-
2018,1,S90,"6,057","1,843",228.6 %,"6,057","1,843",228.6 %
2018,1,V40,"4,809","4,367",10.1 %,"4,809","4,367",10.1 %
2018,1,V40 CC,"1,234","1,318",-6.4 %,"1,234","1,318",-6.4 %
2018,1,V60,"2,527","2,805",-9.9 %,"2,527","2,805",-9.9 %
2018,1,V60 CC,"1,145","1,164",-1.6 %,"1,145","1,164",-1.6 %
2018,1,V70 III,0,38,-,-,38,-
2018,1,V90,"2,380","2,275",4.6 %,"2,380","2,275",4.6 %
2018,1,V90 CC,"1,494",229,552.4 %,"1,494",229,552.4 %
2018,1,XC40,395,0,100.0 %,395,0,100.0 %
2018,1,XC60,782,"11,330",-93.1 %,782,"11,330",-93.1 %
2018,1,XC60,"11,656",0,100.0 %,"11,656",0,100.0 %
2018,1,XC70 III,0,72,-,-,72,-
2018,1,XC90,"6,772","6,509",4.0 %,"6,772","6,509",4.0 %
2018,2,S60 II,"1,179","1,479",-20.3 %,"2,549","2,812",-9.4 %
2018,2,S60L,"1,759","1,968",-10.6 %,"4,469","4,072",9.7 %
2018,2,S60 CC,89,85,4.7 %,197,170,15.9 %
2018,2,S80 II,0,6,-,-,9,-
2018,2,S90,"3,829","2,141",78.8 %,"9,886","3,984",148.1 %
2018,2,V40,"4,722","5,075",-7.0 %,"9,531","9,442",0.9 %
2018,2,V40 CC,"1,387","1,334",4.0 %,"2,621","2,652",-1.2 %
2018,2,V60,"2,824","2,975",-5.1 %,"5,351","5,780",-7.4 %
2018,2,V60 CC,"1,232","1,269",-2.9 %,"2,377","2,433",-2.3 %
2018,2,V70 III,0,40,-,-,78,-
2018,2,V90,"3,305","2,879",14.8 %,"5,685","5,154",10.3 %
2018,2,V90 CC,"1,724",835,106.5 %,"3,218","1,064",202.4 %
2018,2,XC40,"1,580",0,100.0 %,"1,975",0,100.0 %
2018,2,XC60,384,"11,393",-96.6 %,"1,166","22,723",-94.9 %
2018,2,XC60,"10,308",0,100.0 %,"21,964",0,100.0 %
2018,2,XC70 III,0,36,-,-,108,-
2018,2,XC90,"6,607","5,000",32.1 %,"13,379","11,509",16.2 %
2018,3,S60 II,"2,153","2,013",7.0 %,"4,702","4,825",-2.5 %
2018,3,S60L,"2,324","3,089",-24.8 %,"6,793","7,161",-5.1 %
2018,3,S60 CC,107,167,-35.9 %,304,337,-9.8 %
2018,3,S80 II,0,0,-,-,8,-
2018,3,S90,"5,832","3,344",74.4 %,"15,718","7,328",114.5 %
2018,3,V40,"8,081","9,148",-11.7 %,"17,612","18,590",-5.3 %
2018,3,V40 CC,"1,974","2,304",-14.3 %,"4,595","4,956",-7.3 %
2018,3,V60,"3,669","4,286",-14.4 %,"9,020","10,066",-10.4 %
2018,3,V60 CC,"1,596","1,847",-13.6 %,"3,973","4,280",-7.2 %
2018,3,V70 III,0,22,-,-,101,-
2018,3,V90,"4,639","3,164",46.6 %,"10,324","8,318",24.1 %
2018,3,V90 CC,"2,165","1,673",29.4 %,"5,383","2,737",96.7 %
2018,3,XC40,"4,261",0,100.0 %,"6,236",0,100.0 %
2018,3,XC60,377,"18,420",-98.0 %,"1,544","41,143",-96.2 %
2018,3,XC60,"16,279",0,100.0 %,"38,241",0,100.0 %
2018,3,XC70 III,0,20,-,-,128,-
2018,3,XC90,"9,583","7,661",25.1 %,"22,962","19,170",19.8 %
2018,4,S60 II,"1,651","1,580",4.5 %,"6,353","6,405",-0.8 %
2018,4,S60L,"2,284","2,474",-7.7 %,"9,077","9,635",-5.8 %
2018,4,S60 CC,64,167,-61.7 %,368,504,-27.0 %
2018,4,S80 II,0,2,-,-,10,-
2018,4,S90,"4,847","3,391",42.9 %,"20,565","10,719",91.9 %
2018,4,V40,"4,976","5,690",-12.5 %,"22,588","24,280",-7.0 %
2018,4,V40 CC,"1,543","1,887",-18.2 %,"6,138","6,843",-10.3 %
2018,4,V60,"2,886","3,569",-19.1 %,"11,906","13,635",-12.7 %
2018,4,V60 CC,"1,544","1,635",-5.6 %,"5,517","5,915",-6.7 %
2018,4,V70 III,0,14,-,-,115,-
2018,4,V90,"3,081","2,896",6.4 %,"13,405","11,214",19.5 %
2018,4,V90 CC,"1,911","1,734",10.2 %,"7,294","4,471",63.1 %
2018,4,XC40,"5,554",0,100.0 %,"11,790",0,100.0 %
2018,4,XC60,213,"15,434",-98.6 %,"1,757","56,577",-96.9 %
2018,4,XC60,"14,840",0,100.0 %,"53,081",0,100.0 %
2018,4,XC70 III,0,25,-,-,153,-
2018,4,XC90,"7,241","6,397",13.2 %,"30,203","25,567",18.1 %
2018,5,S60 II,"1,494","1,551",-3.7 %,"7,847","7,956",-1.4 %
2018,5,S60L,"2,515","2,841",-11.5 %,"11,592","12,476",-7.1 %
2018,5,S60 CC,69,120,-42.5 %,437,624,-30.0 %
2018,5,S80 II,0,0,-,-,10,-
2018,5,S90,"4,851","3,172",52.9 %,"25,416","13,891",83.0 %
2018,5,V40,"4,477","6,209",-27.9 %,"27,065","30,489",-11.2 %
2018,5,V40 CC,"1,367","1,788",-23.5 %,"7,505","8,631",-13.0 %
2018,5,V60,"2,771","2,861",-3.1 %,"14,677","16,496",-11.0 %
2018,5,V60 CC,"1,529","1,563",-2.2 %,"7,046","7,478",-5.8 %
2018,5,V70 III,0,6,-,-,121,-
2018,5,V90,"2,698","2,954",-8.7 %,"16,103","14,168",13.7 %
2018,5,V90 CC,"1,939","1,843",5.2 %,"9,233","6,314",46.2 %
2018,5,XC40,"5,413",0,100.0 %,"17,203",0,100.0 %
2018,5,XC60,171,"15,639",-98.9 %,"1,928","72,216",-97.3 %
2018,5,XC60,"16,171",48,"33,589.6 %","69,252",48,"144,175.0 %"
2018,5,XC70 III,0,5,-,-,158,-
2018,5,XC90,"7,979","6,647",20.0 %,"38,182","32,214",18.5 %
2018,5,Other,95,0,100.0 %,95,0,100.0 %
2018,6,S60 II,"1,571","1,763",-10.9 %,"9,418","9,719",-3.1 %
2018,6,S60L,"2,246","3,265",-31.2 %,"13,838","15,741",-12.1 %
2018,6,S60 CC,113,87,29.9 %,550,711,-22.6 %
2018,6,S80 II,0,0,-,-,10,-
2018,6,S90,"5,561","3,455",61.0 %,"30,977","17,346",78.6 %
2018,6,V40,"5,397","7,191",-24.9 %,"32,462","37,680",-13.8 %
2018,6,V40 CC,"1,621","2,243",-27.7 %,"9,126","10,874",-16.1 %
2018,6,V60,"3,336","2,978",12.0 %,"18,013","19,474",-7.5 %
2018,6,V60 CC,"1,477","1,533",-3.7 %,"8,523","9,011",-5.4 %
2018,6,V60,"1,004",0,100.0 %,"1,099",0,100.0 %
2018,6,V70 III,0,1,-,-,122,-
2018,6,V90,"3,593","3,767",-4.6 %,"19,696","17,935",9.8 %
2018,6,V90 CC,"2,521","2,401",5.0 %,"11,754","8,715",34.9 %
2018,6,XC40,"6,538",0,100.0 %,"23,741",0,100.0 %
2018,6,XC60,70,"16,905",-99.6 %,"1,998","89,121",-97.8 %
2018,6,XC60,"19,534",781,"2,401.2 %","88,786",829,"10,610.0 %"
2018,6,XC70 III,0,9,-,-,167,-
2018,6,XC90,"9,476","7,972",18.9 %,"47,658","40,186",18.6 %
2018,7,S60 II,"1,402","1,213",15.6 %,"10,820","10,932",-1.0 %
2018,7,S60L,"1,974","2,709",-27.1 %,"15,812","18,450",-14.3 %
2018,7,S60 CC,95,92,3.3 %,645,803,-19.7 %
2018,7,S80 II,0,0,-,-,10,-
2018,7,S90,"4,072","3,410",19.4 %,"35,049","20,756",68.9 %
2018,7,V40,"4,913","5,650",-13.0 %,"37,375","43,330",-13.7 %
2018,7,V40 CC,"1,218","1,559",-21.9 %,"10,344","12,433",-16.8 %
2018,7,V60,"1,609","2,014",-20.1 %,"19,622","21,488",-8.7 %
2018,7,V60 CC,902,"1,029",-12.3 %,"9,425","10,040",-6.1 %
2018,7,V60,"1,491",0,100.0 %,"2,590",0,100.0 %
2018,7,V70 III,0,3,-,-,125,-
2018,7,V90,"1,560","2,089",-25.3 %,"21,256","20,024",6.2 %
2018,7,V90 CC,"1,268","1,820",-30.3 %,"13,022","10,535",23.6 %
2018,7,XC40,"9,005",0,100.0 %,"32,746",0,100.0 %
2018,7,XC60,34,"13,713",-99.8 %,"2,032","102,834",-98.0 %
2018,7,XC60,"14,231","2,427",486.4 %,"103,017","3,256","3,063.9 %"
2018,7,XC70 III,0,3,-,-,170,-
2018,7,XC90,"7,157","6,547",9.3 %,"54,815","46,733",17.3 %
2018,8,S60 II,918,"1,015",-9.6 %,"11,738","11,947",-1.7 %
2018,8,S60L,"1,666","3,024",-44.9 %,"17,478","21,474",-18.6 %
2018,8,S60 CC,78,92,-15.2 %,723,895,-19.2 %
2018,8,S80 II,0,11,-,-,21,-
2018,8,S90,"4,100","3,601",13.9 %,"39,149","24,357",60.7 %
2018,8,V40,"3,192","3,825",-16.5 %,"40,567","47,155",-14.0 %
2018,8,V40 CC,828,"1,107",-25.2 %,"11,172","13,540",-17.5 %
2018,8,V60,"1,167","1,700",-31.4 %,"20,789","23,188",-10.3 %
2018,8,V60 CC,787,836,-5.9 %,"10,212","10,876",-6.1 %
2018,8,V60,877,0,100.0 %,"3,467",0,100.0 %
2018,8,V70 III,0,0,-,-,125,-
2018,8,V90,"1,313","1,472",-10.8 %,"22,569","21,496",5.0 %
2018,8,V90 CC,"1,375","1,478",-7.0 %,"14,397","12,013",19.8 %
2018,8,XC40,"6,540",0,100.0 %,"39,286",0,100.0 %
2018,8,XC60,22,"11,743",-99.8 %,"2,054","114,577",-98.2 %
2018,8,XC60,"13,364","2,048",552.5 %,"116,383","5,304","2,094.2 %"
2018,8,XC70 III,0,1,-,-,171,-
2018,8,XC90,"7,134","5,926",20.4 %,"61,949","52,659",17.6 %
2018,9,S60 II,865,"1,356",-36.2 %,"12,603","13,303",-5.3 %
2018,9,S60L,"1,993","3,556",-44.0 %,"19,471","25,030",-22.2 %
2018,9,S60 CC,80,100,-20.0 %,803,995,-19.3 %
2018,9,S80 II,0,3,-,-,24,-
2018,9,S90,"4,685","4,576",2.4 %,"43,834","28,933",51.5 %
2018,9,V40,"6,014","6,522",-7.8 %,"46,581","53,677",-13.2 %
2018,9,V40 CC,"1,748","1,899",-8.0 %,"12,920","15,439",-16.3 %
2018,9,V60,"1,117","2,690",-58.5 %,"21,906","25,878",-15.3 %
2018,9,V60 CC,633,"1,186",-46.6 %,"10,845","12,062",-10.1 %
2018,9,V60,"3,152",0,100.0 %,"6,619",0,100.0 %
2018,9,V70 III,0,1,-,-,126,-
2018,9,V90,"2,205","2,525",-12.7 %,"24,774","24,021",3.1 %
2018,9,V90 CC,"1,881","1,755",7.2 %,"16,278","13,768",18.2 %
2018,9,XC40,"9,257",0,100.0 %,"48,543",0,100.0 %
2018,9,XC60,18,"14,391",-99.9 %,"2,072","128,968",-98.4 %
2018,9,XC60,"18,594","5,169",259.7 %,"134,975","10,473","1,188.8 %"
2018,9,XC70 III,0,8,-,-,179,-
2018,9,XC90,"8,380","7,937",5.6 %,"70,329","60,596",16.1 %
2018,10,S60 II,682,"1,662",-59.0 %,"13,285","14,965",-11.2 %
2018,10,S60L,"1,852","3,106",-40.4 %,"21,323","28,136",-24.2 %
2018,10,S60 CC,76,118,-35.6 %,879,"1,113",-21.0 %
2018,10,S80 II,0,0,-,-,24,-
2018,10,S90,"3,977","5,010",-20.6 %,"47,811","33,943",40.9 %
2018,10,V40,"4,482","5,782",-22.5 %,"51,063","59,459",-14.1 %
2018,10,V40 CC,"1,255","1,683",-25.4 %,"14,175","17,122",-17.2 %
2018,10,V60,609,"2,865",-78.7 %,"22,515","28,743",-21.7 %
2018,10,V60 CC,352,"1,185",-70.3 %,"11,197","13,247",-15.5 %
2018,10,V60,"3,659",0,100.0 %,"10,278",0,100.0 %
2018,10,V70 III,0,1,-,-,127,-
2018,10,V90,"2,115","2,123",-0.4 %,"26,889","26,144",2.8 %
2018,10,V90 CC,"1,738","1,326",31.1 %,"18,016","15,094",19.4 %
2018,10,XC40,"9,568",0,100.0 %,"58,111",0,100.0 %
2018,10,XC60,24,"8,049",-99.7 %,"2,096","137,017",-98.5 %
2018,10,XC60,"15,824","7,453",112.3 %,"150,799","17,926",741.2 %
2018,10,XC70 III,0,7,-,-,186,-
2018,10,XC90,"7,296","7,471",-2.3 %,"77,625","68,067",14.0 %
2018,11,S60 II,828,"1,740",-52.4 %,"14,113","16,705",-15.5 %
2018,11,S60L,"1,693","3,014",-43.8 %,"23,016","31,150",-26.1 %
2018,11,S60 CC,67,150,-55.3 %,946,"1,263",-25.1 %
2018,11,S80 II,0,0,-,-,24,-
2018,11,S90,"4,223","5,872",-28.1 %,"52,034","39,815",30.7 %
2018,11,V40,"4,277","6,636",-35.5 %,"55,340","66,095",-16.3 %
2018,11,V40 CC,"1,360","2,072",-34.4 %,"15,535","19,194",-19.1 %
2018,11,V60,286,"3,174",-91.0 %,"22,801","31,917",-28.6 %
2018,11,V60 CC,147,"1,496",-90.2 %,"11,344","14,743",-23.1 %
2018,11,V60,"3,993",0,100.0 %,"14,271",0,100.0 %
2018,11,V70 III,0,0,-,-,127,-
2018,11,V90,"2,386","2,585",-7.7 %,"29,275","28,729",1.9 %
2018,11,V90 CC,"1,902","1,851",2.8 %,"19,918","16,945",17.5 %
2018,11,XC40,"8,993",0,100.0 %,"67,104",0,100.0 %
2018,11,XC60,8,"5,831",-99.9 %,"2,104","142,848",-98.5 %
2018,11,XC60,"18,275","8,899",105.4 %,"169,074","26,825",530.3 %
2018,11,XC70 III,0,3,-,-,189,-
2018,11,XC90,"7,534","8,415",-10.5 %,"85,159","76,482",11.3 %
2018,11,Other,62,0,100.0 %,62,0,100.0 %
2018,12,S60 II,961,"1,996",-51.9 %,"15,136","18,701",-19.1 %
2018,12,S60L,"1,314","2,929",-55.1 %,"24,330","34,079",-28.6 %
2018,12,S60 CC,87,154,-43.5 %,"1,033","1,417",-27.1 %
2018,12,S80 II,0,2,-,-,26,-
2018,12,S90,"5,108","6,787",-24.7 %,"57,142","46,602",22.6 %
2018,12,V40,"5,121","7,729",-33.7 %,"60,461","73,824",-18.1 %
2018,12,V40 CC,"1,591","2,352",-32.4 %,"17,126","21,546",-20.5 %
2018,12,V60,524,"3,586",-85.4 %,"23,325","35,503",-34.3 %
2018,12,V60 CC,249,"1,665",-85.0 %,"11,593","16,408",-29.3 %
2018,12,V60,"4,906",0,100.0 %,"19,177",0,100.0 %
2018,12,V70 III,0,0,-,-,127,-
2018,12,V90,"2,277","2,711",-16.0 %,"31,552","31,440",0.4 %
2018,12,V90 CC,"1,991","2,190",-9.1 %,"21,909","19,135",14.5 %
2018,12,XC40,"8,724",96,"8,987.5 %","75,828",96,"78,887.5 %"
2018,12,XC60,16,"3,658",-99.6 %,"2,120","146,506",-98.6 %
2018,12,XC60,"18,265","11,635",57.0 %,"187,339","38,460",387.1 %
2018,12,XC70 III,0,0,-,-,189,-
2018,12,XC90,"9,023","11,036",-18.2 %,"94,182","87,518",7.6 %
2019,1,S60 II,273,"1,370",-80.1 %,273,"1,370",-80.1 %
2019,1,S60,"1,389",0,100.0 %,"1,389",0,100.0 %
2019,1,S60L,885,"2,710",-67.3 %,885,"2,710",-67.3 %
2019,1,S60 CC,19,108,-82.4 %,19,108,-82.4 %
2019,1,S90,"4,916","6,057",-18.8 %,"4,916","6,057",-18.8 %
2019,1,V40,"3,698","4,809",-23.1 %,"3,698","4,809",-23.1 %
2019,1,V40 CC,"1,223","1,234",-0.9 %,"1,223","1,234",-0.9 %
2019,1,V60,204,"2,527",-91.9 %,204,"2,527",-91.9 %
2019,1,V60 CC,90,"1,145",-92.1 %,90,"1,145",-92.1 %
2019,1,V60 CC,382,0,100.0 %,382,0,100.0 %
2019,1,V60,"4,097",0,100.0 %,"4,097",0,100.0 %
2019,1,V90,"1,803","2,380",-24.2 %,"1,803","2,380",-24.2 %
2019,1,V90 CC,"1,474","1,494",-1.3 %,"1,474","1,494",-1.3 %
2019,1,XC40,"8,113",395,"1,953.9 %","8,113",395,"1,953.9 %"
2019,1,XC60,0,782,-,-,782,-
2019,1,XC60,"15,593","11,656",33.8 %,"15,593","11,656",33.8 %
2019,1,XC90,"6,520","6,772",-3.7 %,"6,520","6,772",-3.7 %
2019,2,S60 II,154,"1,179",-86.9 %,427,"2,549",-83.2 %
2019,2,S60,"1,140",0,100.0 %,"2,529",0,100.0 %
2019,2,S60L,610,"1,759",-65.3 %,"1,495","4,469",-66.5 %
2019,2,S60 CC,19,89,-78.7 %,38,197,-80.7 %
2019,2,S90,"2,936","3,829",-23.3 %,"7,852","9,886",-20.6 %
2019,2,V40,"3,261","4,722",-30.9 %,"6,959","9,531",-27.0 %
2019,2,V40 CC,935,"1,387",-32.6 %,"2,158","2,621",-17.7 %
2019,2,V60,173,"2,824",-93.9 %,377,"5,351",-93.0 %
2019,2,V60 CC,57,"1,232",-95.4 %,147,"2,377",-93.8 %
2019,2,V60 CC,541,0,100.0 %,923,0,100.0 %
2019,2,V60,"3,849",0,100.0 %,"7,946",0,100.0 %
2019,2,V90,"1,566","3,305",-52.6 %,"3,369","5,685",-40.7 %
2019,2,V90 CC,"1,383","1,724",-19.8 %,"2,857","3,218",-11.2 %
2019,2,XC40,"8,176","1,580",417.5 %,"16,289","1,975",724.8 %
2019,2,XC60,2,384,-99.5 %,2,"1,166",-99.8 %
2019,2,XC60,"12,630","10,308",22.5 %,"28,223","21,964",28.5 %
2019,2,XC90,"5,752","6,607",-12.9 %,"12,272","13,379",-8.3 %
2019,3,S60 II,141,"2,153",-93.5 %,568,"4,702",-87.9 %
2019,3,S60,"1,595",0,100.0 %,"4,124",0,100.0 %
2019,3,S60L,756,"2,324",-67.5 %,"2,251","6,793",-66.9 %
2019,3,S60 CC,51,107,-52.3 %,89,304,-70.7 %
2019,3,S90,"4,897","5,832",-16.0 %,"12,749","15,718",-18.9 %
2019,3,V40,"5,876","8,081",-27.3 %,"12,835","17,612",-27.1 %
2019,3,V40 CC,"1,726","1,974",-12.6 %,"3,884","4,595",-15.5 %
2019,3,V60,121,"3,669",-96.7 %,498,"9,020",-94.5 %
2019,3,V60 CC,46,"1,596",-97.1 %,193,"3,973",-95.1 %
2019,3,V60 CC,"1,270",0,100.0 %,"2,193",0,100.0 %
2019,3,V60,"6,110",0,100.0 %,"14,056",0,100.0 %
2019,3,V90,"2,453","4,639",-47.1 %,"5,822","10,324",-43.6 %
2019,3,V90 CC,"1,963","2,165",-9.3 %,"4,820","5,383",-10.5 %
2019,3,XC40,"12,614","4,261",196.0 %,"28,903","6,236",363.5 %
2019,3,XC60,1,377,-99.7 %,3,"1,544",-99.8 %
2019,3,XC60,"18,036","16,279",10.8 %,"46,259","38,241",21.0 %
2019,3,XC90,"9,801","9,583",2.3 %,"22,073","22,962",-3.9 %
2019,4,S60 II,68,"1,651",-95.9 %,636,"6,353",-90.0 %
2019,4,S60,"1,751",0,100.0 %,"5,875",0,100.0 %
2019,4,S60L,934,"2,284",-59.1 %,"3,185","9,077",-64.9 %
2019,4,S60 CC,22,64,-65.6 %,111,368,-69.8 %
2019,4,S90,"4,462","4,847",-7.9 %,"17,211","20,565",-16.3 %
2019,4,V40,"3,481","4,976",-30.0 %,"16,316","22,588",-27.8 %
2019,4,V40 CC,"1,096","1,543",-29.0 %,"4,980","6,138",-18.9 %
2019,4,V60,46,"2,886",-98.4 %,544,"11,906",-95.4 %
2019,4,V60 CC,25,"1,544",-98.4 %,218,"5,517",-96.0 %
2019,4,V60 CC,"1,300",0,100.0 %,"3,493",0,100.0 %
2019,4,V60,"4,732",0,100.0 %,"18,788",0,100.0 %
2019,4,V90,"1,769","3,081",-42.6 %,"7,591","13,405",-43.4 %
2019,4,V90 CC,"1,548","1,911",-19.0 %,"6,368","7,294",-12.7 %
2019,4,XC40,"10,801","5,554",94.5 %,"39,704","11,790",236.8 %
2019,4,XC60,1,213,-99.5 %,4,"1,757",-99.8 %
2019,4,XC60,"16,545","14,840",11.5 %,"62,804","53,081",18.3 %
2019,4,XC90,"7,954","7,241",9.8 %,"30,027","30,203",-0.6 %
2019,5,S60 II,93,"1,494",-93.8 %,729,"7,847",-90.7 %
2019,5,S60,"2,427",0,100.0 %,"8,302",0,100.0 %
2019,5,S60L,598,"2,515",-76.2 %,"3,783","11,592",-67.4 %
2019,5,S60 CC,13,69,-81.2 %,124,437,-71.6 %
2019,5,S90,"4,789","4,851",-1.3 %,"22,000","25,416",-13.4 %
2019,5,V40,"3,828","4,477",-14.5 %,"20,144","27,065",-25.6 %
2019,5,V40 CC,"1,683","1,367",23.1 %,"6,663","7,505",-11.2 %
2019,5,V60,79,"2,771",-97.1 %,623,"14,677",-95.8 %
2019,5,V60 CC,26,"1,529",-98.3 %,244,"7,046",-96.5 %
2019,5,V60 CC,"1,361",0,100.0 %,"4,854",0,100.0 %
2019,5,V60,"5,047",0,100.0 %,"23,835",0,100.0 %
2019,5,V90,"1,901","2,698",-29.5 %,"9,492","16,103",-41.1 %
2019,5,V90 CC,"1,645","1,939",-15.2 %,"8,013","9,233",-13.2 %
2019,5,XC40,"10,574","5,413",95.3 %,"50,278","17,203",192.3 %
2019,5,XC60,1,171,-99.4 %,5,"1,928",-99.7 %
2019,5,XC60,"17,510","16,171",8.3 %,"80,314","69,252",16.0 %
2019,5,XC90,"8,621","7,979",8.0 %,"38,648","38,182",1.2 %
2019,5,Other,0,95,-,-,95,-
2019,6,S60 II,66,"1,571",-95.8 %,795,"9,418",-91.6 %
2019,6,S60,"2,256",0,100.0 %,"10,558",0,100.0 %
2019,6,S60L,"1,253","2,246",-44.2 %,"5,036","13,838",-63.6 %
2019,6,S60 CC,16,113,-85.8 %,140,550,-74.5 %
2019,6,S90,"4,964","5,561",-10.7 %,"26,964","30,977",-13.0 %
2019,6,V40,"4,630","5,397",-14.2 %,"24,774","32,462",-23.7 %
2019,6,V40 CC,"1,810","1,621",11.7 %,"8,473","9,126",-7.2 %
2019,6,V60,41,"3,336",-98.8 %,664,"18,013",-96.3 %
2019,6,V60 CC,26,"1,477",-98.2 %,270,"8,523",-96.8 %
2019,6,V60 CC,"1,362",0,100.0 %,"6,216",0,100.0 %
2019,6,V60,"4,946","1,004",392.6 %,"28,781","1,099","2,518.8 %"
2019,6,V90,"2,034","3,593",-43.4 %,"11,526","19,696",-41.5 %
2019,6,V90 CC,"1,726","2,521",-31.5 %,"9,739","11,754",-17.1 %
2019,6,XC40,"11,586","6,538",77.2 %,"61,864","23,741",160.6 %
2019,6,XC60,0,70,-,5,"1,998",-99.7 %
2019,6,XC60,"16,889","19,534",-13.5 %,"97,203","88,786",9.5 %
2019,6,XC90,"9,170","9,476",-3.2 %,"47,818","47,658",0.3 %
2019,7,S60 II,67,"1,402",-95.2 %,862,"10,820",-92.0 %
2019,7,S60,"1,632",0,100.0 %,"12,190",0,100.0 %
2019,7,S60L,"1,250","1,974",-36.7 %,"6,286","15,812",-60.2 %
2019,7,S60 CC,20,95,-78.9 %,160,645,-75.2 %
2019,7,S90,"4,575","4,072",12.4 %,"31,539","35,049",-10.0 %
2019,7,V40,"3,748","4,913",-23.7 %,"28,522","37,375",-23.7 %
2019,7,V40 CC,899,"1,218",-26.2 %,"9,372","10,344",-9.4 %
2019,7,V60,20,"1,609",-98.8 %,684,"19,622",-96.5 %
2019,7,V60 CC,15,902,-98.3 %,285,"9,425",-97.0 %
2019,7,V60 CC,"1,296",0,100.0 %,"7,512",0,100.0 %
2019,7,V60,"3,519","1,491",136.0 %,"32,300","2,590","1,147.1 %"
2019,7,V90,"1,651","1,560",5.8 %,"13,177","21,256",-38.0 %
2019,7,V90 CC,"1,286","1,268",1.4 %,"11,025","13,022",-15.3 %
2019,7,XC40,"12,198","9,005",35.5 %,"74,062","32,746",126.2 %
2019,7,XC60,3,34,-91.2 %,8,"2,032",-99.6 %
2019,7,XC60,"14,740","14,231",3.6 %,"111,943","103,017",8.7 %
2019,7,XC90,"7,625","7,157",6.5 %,"55,443","54,815",1.1 %
2019,7,Other,2,0,100.0 %,2,0,100.0 %
2019,8,S60 II,54,918,-94.1 %,916,"11,738",-92.2 %
2019,8,S60,"2,010",0,100.0 %,"14,200",0,100.0 %
2019,8,S60L,"1,460","1,666",-12.4 %,"7,746","17,478",-55.7 %
2019,8,S60 CC,3,78,-96.2 %,163,723,-77.5 %
2019,8,S90,"4,640","4,100",13.2 %,"36,179","39,149",-7.6 %
2019,8,V40,"2,511","3,192",-21.3 %,"31,033","40,567",-23.5 %
2019,8,V40 CC,878,828,6.0 %,"10,250","11,172",-8.3 %
2019,8,V60,20,"1,167",-98.3 %,704,"20,789",-96.6 %
2019,8,V60 CC,35,787,-95.6 %,320,"10,212",-96.9 %
2019,8,V60 CC,"1,029",0,100.0 %,"8,541",0,100.0 %
2019,8,V60,"2,470",877,181.6 %,"34,770","3,467",902.9 %
2019,8,V90,"1,170","1,313",-10.9 %,"14,347","22,569",-36.4 %
2019,8,V90 CC,"1,125","1,375",-18.2 %,"12,150","14,397",-15.6 %
2019,8,XC40,"8,200","6,540",25.4 %,"82,262","39,286",109.4 %
2019,8,XC60,0,22,-,8,"2,054",-99.6 %
2019,8,XC60,"14,969","13,364",12.0 %,"126,912","116,383",9.0 %
2019,8,XC90,"7,222","7,134",1.2 %,"62,665","61,949",1.2 %
2019,8,Other,0,0,-,2,0,100.0 %
2019,9,S60 II,67,865,-92.3 %,983,"12,603",-92.2 %
2019,9,S60,"3,512",0,100.0 %,"17,712",0,100.0 %
2019,9,S60L,"1,456","1,993",-26.9 %,"9,202","19,471",-52.7 %
2019,9,S60 CC,50,80,-37.5 %,213,803,-73.5 %
2019,9,S90,"5,495","4,685",17.3 %,"41,674","43,834",-4.9 %
2019,9,V40,"3,475","6,014",-42.2 %,"34,508","46,581",-25.9 %
2019,9,V40 CC,619,"1,748",-64.6 %,"10,869","12,920",-15.9 %
2019,9,V60,44,"1,117",-96.1 %,748,"21,906",-96.6 %
2019,9,V60 CC,31,633,-95.1 %,351,"10,845",-96.8 %
2019,9,V60 CC,"1,418",0,100.0 %,"9,959",0,100.0 %
2019,9,V60,"3,739","3,152",18.6 %,"38,509","6,619",481.8 %
2019,9,V90,"2,009","2,205",-8.9 %,"16,356","24,774",-34.0 %
2019,9,V90 CC,"1,520","1,881",-19.2 %,"13,670","16,278",-16.0 %
2019,9,XC40,"13,213","9,257",42.7 %,"95,475","48,543",96.7 %
2019,9,XC60,3,18,-83.3 %,11,"2,072",-99.5 %
2019,9,XC60,"18,717","18,594",0.7 %,"145,629","134,975",7.9 %
2019,9,XC90,"9,165","8,380",9.4 %,"71,830","70,329",2.1 %
2019,9,Other,3,0,100.0 %,5,0,100.0 %
2019,10,S60 II,42,682,-93.8 %,"1,025","13,285",-92.3 %
2019,10,S60,"3,713",0,100.0 %,"21,425",0,100.0 %
2019,10,S60L,"1,212","1,852",-34.6 %,"10,414","21,323",-51.2 %
2019,10,S60 CC,1,76,-98.7 %,214,879,-75.7 %
2019,10,S90,"4,825","3,977",21.3 %,"46,499","47,811",-2.7 %
2019,10,V40,"2,056","4,482",-54.1 %,"36,564","51,063",-28.4 %
2019,10,V40 CC,420,"1,255",-66.5 %,"11,289","14,175",-20.4 %
2019,10,V60,5,609,-99.2 %,753,"22,515",-96.7 %
2019,10,V60 CC,6,352,-98.3 %,357,"11,197",-96.8 %
2019,10,V60 CC,"1,507",0,100.0 %,"11,466",0,100.0 %
2019,10,V60,"4,367","3,659",19.3 %,"42,876","10,278",317.2 %
2019,10,V90,"1,926","2,115",-8.9 %,"18,282","26,889",-32.0 %
2019,10,V90 CC,"1,051","1,738",-39.5 %,"14,721","18,016",-18.3 %
2019,10,XC40,"13,450","9,568",40.6 %,"108,925","58,111",87.4 %
2019,10,XC60,0,24,-,11,"2,096",-99.5 %
2019,10,XC60,"18,198","15,824",15.0 %,"163,827","150,799",8.6 %
2019,10,XC90,"8,180","7,296",12.1 %,"80,010","77,625",3.1 %
2019,10,Other,0,0,-,5,0,100.0 %
2019,11,S60 II,37,828,-95.5 %,"1,062","14,113",-92.5 %
2019,11,S60,"2,853",0,100.0 %,"24,278",0,100.0 %
2019,11,S60L,"1,406","1,693",-17.0 %,"11,820","23,016",-48.6 %
2019,11,S60 CC,2,67,-97.0 %,216,946,-77.2 %
2019,11,S90,"4,777","4,223",13.1 %,"51,276","52,034",-1.5 %
2019,11,V40,"1,428","4,277",-66.6 %,"37,992","55,340",-31.3 %
2019,11,V40 CC,307,"1,360",-77.4 %,"11,596","15,535",-25.4 %
2019,11,V60,19,286,-93.4 %,772,"22,801",-96.6 %
2019,11,V60 CC,18,147,-87.8 %,375,"11,344",-96.7 %
2019,11,V60 CC,"1,726",0,100.0 %,"13,192",0,100.0 %
2019,11,V60,"4,319","3,993",8.2 %,"47,195","14,271",230.7 %
2019,11,V90,"1,860","2,386",-22.0 %,"20,142","29,275",-31.2 %
2019,11,V90 CC,"1,273","1,902",-33.1 %,"15,994","19,918",-19.7 %
2019,11,XC40,"14,478","8,993",61.0 %,"123,403","67,104",83.9 %
2019,11,XC60,5,8,-37.5 %,16,"2,104",-99.2 %
2019,11,XC60,"18,955","18,275",3.7 %,"182,782","169,074",8.1 %
2019,11,XC90,"9,087","7,534",20.6 %,"89,097","85,159",4.6 %
2019,11,Other,0,62,-,5,62,-91.9 %
2019,12,S60 II,25,961,-97.4 %,"1,087","15,136",-92.8 %
2019,12,S60,"3,701",0,100.0 %,"27,979",0,100.0 %
2019,12,S60L,"1,693","1,314",28.8 %,"13,513","24,330",-44.5 %
2019,12,S60 CC,0,87,-,216,"1,033",-79.1 %
2019,12,S90,"5,079","5,108",-0.6 %,"56,355","57,142",-1.4 %
2019,12,V40,"1,569","5,121",-69.4 %,"39,561","60,461",-34.6 %
2019,12,V40 CC,385,"1,591",-75.8 %,"11,981","17,126",-30.0 %
2019,12,V60,14,524,-97.3 %,786,"23,325",-96.6 %
2019,12,V60 CC,1,249,-99.6 %,376,"11,593",-96.8 %
2019,12,V60 CC,"1,826",0,100.0 %,"15,018",0,100.0 %
2019,12,V60,"5,202","4,906",6.0 %,"52,397","19,177",173.2 %
2019,12,V90,"2,203","2,277",-3.2 %,"22,345","31,552",-29.2 %
2019,12,V90 CC,"2,282","1,991",14.6 %,"18,276","21,909",-16.6 %
2019,12,XC40,"16,444","8,724",88.5 %,"139,847","75,828",84.4 %
2019,12,XC60,0,16,-,16,"2,120",-99.2 %
2019,12,XC60,"22,183","18,265",21.5 %,"204,965","187,339",9.4 %
2019,12,XC90,"11,632","9,023",28.9 %,"100,729","94,182",7.0 %
2019,12,Other,0,0,-,5,0,100.0 %
2020,1,S60 II,10,273,-96.3 %,-,273,-
2020,1,S60,"2,724","1,389",96.1 %,-,"1,389",-
2020,1,S60L,842,885,-4.9 %,-,885,-
2020,1,S60 CC,0,19,-,-,19,-
2020,1,S90,"3,279","4,916",-33.3 %,-,"4,916",-
2020,1,V40,629,"3,698",-83.0 %,-,"3,698",-
2020,1,V40 CC,155,"1,223",-87.3 %,-,"1,223",-
2020,1,V60,0,204,-,-,204,-
2020,1,V60 CC,0,90,-,-,90,-
2020,1,V60 CC,"1,126",382,194.8 %,-,382,-
2020,1,V60,"3,698","4,097",-9.7 %,-,"4,097",-
2020,1,V90,"1,401","1,803",-22.3 %,-,"1,803",-
2020,1,V90 CC,831,"1,474",-43.6 %,-,"1,474",-
2020,1,XC40,"10,802","8,113",33.1 %,-,"8,113",-
2020,1,XC60,"13,353","15,593",-14.4 %,-,"15,593",-
2020,1,XC90,"6,902","6,520",5.9 %,-,"6,520",-
2020,2,S60 II,11,154,-92.9 %,21,427,-95.1 %
2020,2,S60,"2,151","1,140",88.7 %,"4,875","2,529",92.8 %
2020,2,S60L,95,610,-84.4 %,937,"1,495",-37.3 %
2020,2,S60 CC,0,19,-,-,38,-
2020,2,S90,"1,002","2,936",-65.9 %,"4,281","7,852",-45.5 %
2020,2,V40,451,"3,261",-86.2 %,"1,080","6,959",-84.5 %
2020,2,V40 CC,99,935,-89.4 %,254,"2,158",-88.2 %
2020,2,V60,10,173,-94.2 %,10,377,-97.3 %
2020,2,V60 CC,2,57,-96.5 %,2,147,-98.6 %
2020,2,V60 CC,"1,504",541,178.0 %,"2,630",923,184.9 %
2020,2,V60,"4,771","3,849",24.0 %,"8,469","7,946",6.6 %
2020,2,V90,"1,118","1,566",-28.6 %,"2,519","3,369",-25.2 %
2020,2,V90 CC,"1,010","1,383",-27.0 %,"1,841","2,857",-35.6 %
2020,2,XC40,"11,004","8,176",34.6 %,"21,806","16,289",33.9 %
2020,2,XC60,0,2,-,-,2,-
2020,2,XC60,"10,847","12,630",-14.1 %,"24,200","28,223",-14.3 %
2020,2,XC90,"5,667","5,752",-1.5 %,"12,569","12,272",2.4 %
2020,3,S60 II,4,141,-97.2 %,25,568,-95.6 %
2020,3,S60,"2,386","1,595",49.6 %,"7,261","4,124",76.1 %
2020,3,S60L,931,756,23.1 %,"1,868","2,251",-17.0 %
2020,3,S60 CC,0,51,-,-,89,-
2020,3,S90,"2,874","4,897",-41.3 %,"7,155","12,749",-43.9 %
2020,3,V40,362,"5,876",-93.8 %,"1,442","12,835",-88.8 %
2020,3,V40 CC,87,"1,726",-95.0 %,341,"3,884",-91.2 %
2020,3,V60,0,121,-,10,498,-98.0 %
2020,3,V60 CC,0,46,-,2,193,-99.0 %
2020,3,V60 CC,"1,499","1,270",18.0 %,"4,129","2,193",88.3 %
2020,3,V60,"5,098","6,110",-16.6 %,"13,567","14,056",-3.5 %
2020,3,V90,"1,249","2,453",-49.1 %,"3,768","5,822",-35.3 %
2020,3,V90 CC,955,"1,963",-51.3 %,"2,796","4,820",-42.0 %
2020,3,XC40,"12,462","12,614",-1.2 %,"34,268","28,903",18.6 %
2020,3,XC60,0,1,-,-,3,-
2020,3,XC60,"12,730","18,036",-29.4 %,"36,930","46,259",-20.2 %
2020,3,XC90,"5,758","9,801",-41.3 %,"18,327","22,073",-17.0 %
2020,4,S60 II,0,68,-,25,636,-96.1 %
2020,4,S60,"1,961","1,751",12.0 %,"9,222","5,875",57.0 %
2020,4,S60L,772,934,-17.3 %,"2,640","3,185",-17.1 %
2020,4,S60 CC,0,22,-,-,111,-
2020,4,S90,"3,183","4,462",-28.7 %,"10,338","17,211",-39.9 %
2020,4,V40,124,"3,481",-96.4 %,"1,566","16,316",-90.4 %
2020,4,V40 CC,22,"1,096",-98.0 %,363,"4,980",-92.7 %
2020,4,V60,0,46,-,10,544,-98.2 %
2020,4,V60 CC,0,25,-,2,218,-99.1 %
2020,4,V60 CC,834,"1,300",-35.8 %,"4,963","3,493",42.1 %
2020,4,V60,"2,450","4,732",-48.2 %,"16,017","18,788",-14.7 %
2020,4,V90,706,"1,769",-60.1 %,"4,474","7,591",-41.1 %
2020,4,V90 CC,667,"1,548",-56.9 %,"3,463","6,368",-45.6 %
2020,4,XC40,"5,708","10,801",-47.2 %,"39,976","39,704",0.7 %
2020,4,XC60,0,1,-,-,4,-
2020,4,XC60,"10,908","16,545",-34.1 %,"47,838","62,804",-23.8 %
2020,4,XC90,"4,425","7,954",-44.4 %,"22,752","30,027",-24.2 %
2020,5,S60 II,0,93,-,25,729,-96.6 %
2020,5,S60,"3,266","2,427",34.6 %,"12,488","8,302",50.4 %
2020,5,S60L,926,598,54.8 %,"3,566","3,783",-5.7 %
2020,5,S60 CC,0,13,-,-,124,-
2020,5,S90,"4,203","4,789",-12.2 %,"14,541","22,000",-33.9 %
2020,5,V40,111,"3,828",-97.1 %,"1,677","20,144",-91.7 %
2020,5,V40 CC,28,"1,683",-98.3 %,391,"6,663",-94.1 %
2020,5,V60,0,79,-,10,623,-98.4 %
2020,5,V60 CC,0,26,-,2,244,-99.2 %
2020,5,V60 CC,"1,047","1,361",-23.1 %,"6,010","4,854",23.8 %
2020,5,V60,"2,812","5,047",-44.3 %,"18,829","23,835",-21.0 %
2020,5,V90,967,"1,901",-49.1 %,"5,441","9,492",-42.7 %
2020,5,V90 CC,781,"1,645",-52.5 %,"4,244","8,013",-47.0 %
2020,5,XC40,"10,891","10,574",3.0 %,"50,867","50,278",1.2 %
2020,5,XC60,0,1,-,-,5,-
2020,5,XC60,"13,226","17,510",-24.5 %,"61,064","80,314",-24.0 %
2020,5,XC90,"6,572","8,621",-23.8 %,"29,324","38,648",-24.1 %
2020,6,S60 II,0,66,-,25,795,-96.9 %
2020,6,S60,"3,901","2,256",72.9 %,"16,389","10,558",55.2 %
2020,6,S60L,478,"1,253",-61.9 %,"4,044","5,036",-19.7 %
2020,6,S60 CC,0,16,-,-,140,-
2020,6,S90,"3,914","4,964",-21.2 %,"18,455","26,964",-31.6 %
2020,6,V40,237,"4,630",-94.9 %,"1,914","24,774",-92.3 %
2020,6,V40 CC,47,"1,810",-97.4 %,438,"8,473",-94.8 %
2020,6,V60,6,41,-85.4 %,16,664,-97.6 %
2020,6,V60 CC,0,26,-,2,270,-99.3 %
2020,6,V60 CC,"1,461","1,362",7.3 %,"7,471","6,216",20.2 %
2020,6,V60,"4,955","4,946",0.2 %,"23,784","28,781",-17.4 %
2020,6,V90,"1,671","2,034",-17.8 %,"7,112","11,526",-38.3 %
2020,6,V90 CC,"1,030","1,726",-40.3 %,"5,274","9,739",-45.8 %
2020,6,XC40,"17,492","11,586",51.0 %,"68,359","61,864",10.5 %
2020,6,XC60,0,0,-,-,5,-
2020,6,XC60,"17,697","16,889",4.8 %,"78,761","97,203",-19.0 %
2020,6,XC90,"8,594","9,170",-6.3 %,"37,918","47,818",-20.7 %
2020,7,S60 II,2,67,-97.0 %,27,862,-96.9 %
2020,7,S60,"3,991","1,632",144.5 %,"20,380","12,190",67.2 %
2020,7,S60L,178,"1,250",-85.8 %,"4,222","6,286",-32.8 %
2020,7,S60 CC,0,20,-,-,160,-
2020,7,S90,"4,035","4,575",-11.8 %,"22,490","31,539",-28.7 %
2020,7,V40,207,"3,748",-94.5 %,"2,121","28,522",-92.6 %
2020,7,V40 CC,41,899,-95.4 %,479,"9,372",-94.9 %
2020,7,V60,3,20,-85.0 %,19,684,-97.2 %
2020,7,V60 CC,0,15,-,2,285,-99.3 %
2020,7,V60 CC,"1,663","1,296",28.3 %,"9,134","7,512",21.6 %
2020,7,V60,"4,319","3,519",22.7 %,"28,103","32,300",-13.0 %
2020,7,V90,"1,357","1,651",-17.8 %,"8,469","13,177",-35.7 %
2020,7,V90 CC,"1,157","1,286",-10.0 %,"6,431","11,025",-41.7 %
2020,7,XC40,"18,726","12,198",53.5 %,"87,085","74,062",17.6 %
2020,7,XC60,0,3,-,-,8,-
2020,7,XC60,"17,861","14,740",21.2 %,"96,622","111,943",-13.7 %
2020,7,XC90,"8,751","7,625",14.8 %,"46,669","55,443",-15.8 %
2020,7,Other,0,2,-,-,2,-
2020,8,S60 II,0,54,-,27,916,-97.1 %
2020,8,S60,"4,575","2,010",127.6 %,"24,955","14,200",75.7 %
2020,8,S60L,14,"1,460",-99.0 %,"4,236","7,746",-45.3 %
2020,8,S60 CC,0,3,-,-,163,-
2020,8,S90,"3,715","4,640",-19.9 %,"26,205","36,179",-27.6 %
2020,8,V40,134,"2,511",-94.7 %,"2,255","31,033",-92.7 %
2020,8,V40 CC,35,878,-96.0 %,514,"10,250",-95.0 %
2020,8,V60,0,20,-,19,704,-97.3 %
2020,8,V60 CC,0,35,-,2,320,-99.4 %
2020,8,V60 CC,"1,199","1,029",16.5 %,"10,333","8,541",21.0 %
2020,8,V60,"2,960","2,470",19.8 %,"31,063","34,770",-10.7 %
2020,8,V90,867,"1,170",-25.9 %,"9,336","14,347",-34.9 %
2020,8,V90 CC,"1,008","1,125",-10.4 %,"7,439","12,150",-38.8 %
2020,8,XC40,"13,828","8,200",68.6 %,"100,913","82,262",22.7 %
2020,8,XC60,0,0,-,-,8,-
2020,8,XC60,"15,938","14,969",6.5 %,"112,560","126,912",-11.3 %
2020,8,XC90,"6,966","7,222",-3.5 %,"53,635","62,665",-14.4 %
2020,8,Other,0,0,-,-,2,-
2020,9,S60 II,0,67,-,-,983,-
2020,9,S60,"5,688","3,512",62.0 %,"30,643","17,712",73.0 %
2020,9,S60L,1,"1,456",-99.9 %,"4,237","9,202",-54.0 %
2020,9,S60 CC,0,50,-,27,213,-87.3 %
2020,9,S90,"5,333","5,495",-2.9 %,"31,538","41,674",-24.3 %
2020,9,V40,207,"3,475",-94.0 %,"2,462","34,508",-92.9 %
2020,9,V40 CC,31,619,-95.0 %,545,"10,869",-95.0 %
2020,9,V60,1,44,-97.7 %,20,748,-97.3 %
2020,9,V60 CC,0,31,-,2,351,-99.4 %
2020,9,V60 CC,"1,730","1,418",22.0 %,"12,063","9,959",21.1 %
2020,9,V60,"4,954","3,739",32.5 %,"36,017","38,509",-6.5 %
2020,9,V90,"1,265","2,009",-37.0 %,"10,601","16,356",-35.2 %
2020,9,V90 CC,"1,211","1,520",-20.3 %,"8,650","13,670",-36.7 %
2020,9,XC40,"20,992","13,213",58.9 %,"121,905","95,475",27.7 %
2020,9,XC60,0,3,-,-,11,-
2020,9,XC60,"18,531","18,717",-1.0 %,"131,091","145,629",-10.0 %
2020,9,XC90,"7,692","9,165",-16.1 %,"61,327","71,830",-14.6 %
2020,9,Other,0,3,-,-,5,-
2020,10,S60 II,0,42,-,27,"1,025",-97.4 %
2020,10,S60,"5,410","3,713",45.7 %,"36,053","21,425",68.3 %
2020,10,S60L,0,"1,212",-,"4,237","10,414",-59.3 %
2020,10,S60 CC,0,1,-,-,214,-
2020,10,S90,"4,636","4,825",-3.9 %,"36,174","46,499",-22.2 %
2020,10,V40,117,"2,056",-94.3 %,"2,579","36,564",-92.9 %
2020,10,V40 CC,10,420,-97.6 %,555,"11,289",-95.1 %
2020,10,V60,0,5,-,20,753,-97.3 %
2020,10,V60 CC,1,6,-83.3 %,3,357,-99.2 %
2020,10,V60 CC,"1,099","1,507",-27.1 %,"13,162","11,466",14.8 %
2020,10,V60,"4,406","4,367",0.9 %,"40,423","42,876",-5.7 %
2020,10,V90,904,"1,926",-53.1 %,"11,505","18,282",-37.1 %
2020,10,V90 CC,821,"1,051",-21.9 %,"9,471","14,721",-35.7 %
2020,10,XC40,"20,254","13,450",50.6 %,"142,159","108,925",30.5 %
2020,10,XC60,0,0,-,-,11,-
2020,10,XC60,"18,764","18,198",3.1 %,"149,855","163,827",-8.5 %
2020,10,XC90,"8,868","8,180",8.4 %,"70,195","80,010",-12.3 %
2020,10,Other,0,0,-,-,5,-
2020,11,S60 II,0,37,-,27,"1,062",-97.5 %
2020,11,S60,"6,093","2,853",113.6 %,"42,146","24,278",73.6 %
2020,11,S60L,0,"1,406",-,"4,237","11,820",-64.2 %
2020,11,S60 CC,0,2,-,-,216,-
2020,11,S90,"4,791","4,777",0.3 %,"40,965","51,276",-20.1 %
2020,11,V40,139,"1,428",-90.3 %,"2,718","37,992",-92.8 %
2020,11,V40 CC,4,307,-98.7 %,559,"11,596",-95.2 %
2020,11,V60,0,19,-,20,772,-97.4 %
2020,11,V60 CC,0,18,-,3,375,-99.2 %
2020,11,V60 CC,962,"1,726",-44.3 %,"14,124","13,192",7.1 %
2020,11,V60,"3,939","4,319",-8.8 %,"44,362","47,195",-6.0 %
2020,11,V90,750,"1,860",-59.7 %,"12,255","20,142",-39.2 %
2020,11,V90 CC,"1,061","1,273",-16.7 %,"10,532","15,994",-34.2 %
2020,11,XC40,"19,170","14,478",32.4 %,"161,329","123,403",30.7 %
2020,11,XC60,0,5,-,-,16,-
2020,11,XC60,"19,590","18,955",3.4 %,"169,445","182,782",-7.3 %
2020,11,XC90,"10,080","9,087",10.9 %,"80,275","89,097",-9.9 %
2020,11,Other,0,0,-,-,5,-
2020,12,S60 II,0,25,-,27,"1,087",-97.5 %
2020,12,S60,"5,841","3,701",57.8 %,"47,987","27,979",71.5 %
2020,12,S60L,0,"1,693",-,"4,237","13,513",-68.6 %
2020,12,S60 CC,0,0,-,-,216,-
2020,12,S90,"5,062","5,079",-0.3 %,"46,027","56,355",-18.3 %
2020,12,V40,113,"1,569",-92.8 %,"2,831","39,561",-92.8 %
2020,12,V40 CC,4,385,-99.0 %,563,"11,981",-95.3 %
2020,12,V60,0,14,-,20,786,-97.5 %
2020,12,V60 CC,0,1,-,3,376,-99.2 %
2020,12,V60 CC,"1,965","1,826",7.6 %,"16,089","15,018",7.1 %
2020,12,V60,"4,483","5,202",-13.8 %,"48,800","52,397",-6.9 %
2020,12,V90,"1,314","2,203",-40.4 %,"13,569","22,345",-39.3 %
2020,12,V90 CC,"1,468","2,282",-35.7 %,"12,000","18,276",-34.3 %
2020,12,XC40,"24,077","16,444",46.4 %,"185,406","139,847",32.6 %
2020,12,XC60,0,0,-,-,16,-
2020,12,XC60,"22,251","22,183",0.3 %,"191,696","204,965",-6.5 %
2020,12,XC90,"12,183","11,632",4.7 %,"92,458","100,729",-8.2 %
2020,12,Other,0,0,-,-,5,-
2021,1,S60 II,1,10,-90.0 %,1,0,100.0 %
2021,1,S60,"5,203","2,724",91.0 %,"5,203",0,100.0 %
2021,1,S60L,0,842,-,-,0,-
2021,1,S90,"5,005","3,279",52.6 %,"5,005",0,100.0 %
2021,1,V40,10,629,-98.4 %,10,0,100.0 %
2021,1,V40 CC,0,155,-,-,0,-
2021,1,V60 CC,"1,279","1,126",13.6 %,"1,279",0,100.0 %
2021,1,V60,"3,809","3,698",3.0 %,"3,809",0,100.0 %
2021,1,V90,"1,047","1,401",-25.3 %,"1,047",0,100.0 %
2021,1,V90 CC,847,831,1.9 %,847,0,100.0 %
2021,1,XC40,"17,770","10,802",64.5 %,"17,770",0,100.0 %
2021,1,XC60,"17,053","13,353",27.7 %,"17,053",0,100.0 %
2021,1,XC90,"7,564","6,902",9.6 %,"7,564",0,100.0 %
2021,2,S60 II,0,11,-,1,21,-95.2 %
2021,2,S60,"3,864","2,151",79.6 %,"9,067","4,875",86.0 %
2021,2,S60L,0,95,-,-,937,-
2021,2,S90,"2,778","1,002",177.2 %,"7,783","4,281",81.8 %
2021,2,V40,8,451,-98.2 %,18,"1,080",-98.3 %
2021,2,V40 CC,3,99,-97.0 %,3,254,-98.8 %
2021,2,V60,0,10,-,-,10,-
2021,2,V60 CC,0,2,-,-,2,-
2021,2,V60 CC,"1,410","1,504",-6.3 %,"2,689","2,630",2.2 %
2021,2,V60,"3,765","4,771",-21.1 %,"7,574","8,469",-10.6 %
2021,2,V90,990,"1,118",-11.4 %,"2,037","2,519",-19.1 %
2021,2,V90 CC,888,"1,010",-12.1 %,"1,735","1,841",-5.8 %
2021,2,XC40,"15,818","11,004",43.7 %,"33,588","21,806",54.0 %
2021,2,XC60,"14,463","10,847",33.3 %,"31,516","24,200",30.2 %
2021,2,XC90,"6,808","5,667",20.1 %,"14,372","12,569",14.3 %
2021,3,S60 II,0,4,-,1,25,-96.0 %
2021,3,S60,"4,992","2,386",109.2 %,"14,059","7,261",93.6 %
2021,3,S60L,0,931,-,-,"1,868",-
2021,3,S90,"4,261","2,874",48.3 %,"12,044","7,155",68.3 %
2021,3,V40,3,362,-99.2 %,21,"1,442",-98.5 %
2021,3,V40 CC,0,87,-,3,341,-99.1 %
2021,3,V60,0,0,-,-,10,-
2021,3,V60 CC,0,0,-,-,2,-
2021,3,V60 CC,"2,063","1,499",37.6 %,"4,752","4,129",15.1 %
2021,3,V60,"5,841","5,098",14.6 %,"13,415","13,567",-1.1 %
2021,3,V90,"1,690","1,249",35.3 %,"3,727","3,768",-1.1 %
2021,3,V90 CC,"1,428",955,49.5 %,"3,163","2,796",13.1 %
2021,3,XC40,"23,958","12,462",92.2 %,"57,546","34,268",67.9 %
2021,3,XC60,"21,186","12,730",66.4 %,"52,702","36,930",42.7 %
2021,3,XC90,"9,893","5,758",71.8 %,"24,265","18,327",32.4 %
2021,4,S60 II,0,0,-,-,25,-
2021,4,S60,"4,280","1,961",118.3 %,"18,340","9,222",98.9 %
2021,4,S60L,0,772,-,-,"2,640",-
2021,4,S90,"4,325","3,183",35.9 %,"16,369","10,338",58.3 %
2021,4,V40,0,124,-,21,"1,566",-98.7 %
2021,4,V40 CC,1,22,-95.5 %,4,363,-98.9 %
2021,4,V60,0,0,-,-,10,-
2021,4,V60 CC,0,0,-,-,2,-
2021,4,V60 CC,"1,213",834,45.4 %,"5,965","4,963",20.2 %
2021,4,V60,"3,950","2,450",61.2 %,"17,365","16,017",8.4 %
2021,4,V90,913,706,29.3 %,"4,640","4,474",3.7 %
2021,4,V90 CC,913,667,36.9 %,"4,076","3,463",17.7 %
2021,4,XC40,"19,833","5,708",247.5 %,"77,379","39,976",93.6 %
2021,4,XC60,"17,925","10,908",64.3 %,"70,627","47,838",47.6 %
2021,4,XC90,"9,371","4,425",111.8 %,"33,636","22,752",47.8 %
2021,5,S60 II,0,0,-,1,25,-96.0 %
2021,5,S60,"4,330","3,266",32.6 %,"22,669","12,488",81.5 %
2021,5,S60L,0,926,-,-,"3,566",-
2021,5,S90,"4,475","4,203",6.5 %,"20,844","14,541",43.3 %
2021,5,V40,1,111,-99.1 %,22,"1,677",-98.7 %
2021,5,V40 CC,0,28,-,4,391,-99.0 %
2021,5,V60,1,0,100.0 %,1,10,-90.0 %
2021,5,V60 CC,0,0,-,-,2,-
2021,5,V60 CC,"1,039","1,047",-0.8 %,"7,004","6,010",16.5 %
2021,5,V60,"2,660","2,812",-5.4 %,"20,025","18,829",6.4 %
2021,5,V90,622,967,-35.7 %,"5,262","5,441",-3.3 %
2021,5,V90 CC,837,781,7.2 %,"4,913","4,244",15.8 %
2021,5,XC40,"20,350","10,891",86.9 %,"97,729","50,867",92.1 %
2021,5,XC60,"19,835","13,226",50.0 %,"90,462","61,064",48.1 %
2021,5,XC90,"9,961","6,572",51.6 %,"43,597","29,324",48.7 %
2021,6,S60 II,0,0,-,1,25,-96.0 %
2021,6,S60,"3,690","3,901",-5.4 %,"26,359","16,389",60.8 %
2021,6,S60L,0,478,-,-,"4,044",-
2021,6,S90,"4,809","3,914",22.9 %,"25,653","18,455",39.0 %
2021,6,V40,0,237,-,22,"1,914",-98.9 %
2021,6,V40 CC,0,47,-,4,438,-99.1 %
2021,6,V60,1,6,-83.3 %,2,16,-87.5 %
2021,6,V60 CC,0,0,-,-,2,-
2021,6,V60 CC,"1,074","1,461",-26.5 %,"8,078","7,471",8.1 %
2021,6,V60,"3,120","4,955",-37.0 %,"23,145","23,784",-2.7 %
2021,6,V90,655,"1,671",-60.8 %,"5,917","7,112",-16.8 %
2021,6,V90 CC,866,"1,030",-15.9 %,"5,779","5,274",9.6 %
2021,6,XC40,"20,392","17,492",16.6 %,"118,121","68,359",72.8 %
2021,6,XC60,"23,038","17,697",30.2 %,"113,500","78,761",44.1 %
2021,6,XC90,"10,579","8,594",23.1 %,"54,176","37,918",42.9 %
2021,7,S60 II,0,2,-,1,27,-96.3 %
2021,7,S60,"3,082","3,991",-22.8 %,"29,441","20,380",44.5 %
2021,7,S60L,0,178,-,-,"4,222",-
2021,7,S90,"4,012","4,035",-0.6 %,"29,665","22,490",31.9 %
2021,7,V40,0,207,-,22,"2,121",-99.0 %
2021,7,V40 CC,0,41,-,4,479,-99.2 %
2021,7,V60,0,3,-,2,19,-89.5 %
2021,7,V60 CC,0,0,-,-,2,-
2021,7,V60 CC,"1,167","1,663",-29.8 %,"9,245","9,134",1.2 %
2021,7,V60,"3,164","4,319",-26.7 %,"26,309","28,103",-6.4 %
2021,7,V90,750,"1,357",-44.7 %,"6,667","8,469",-21.3 %
2021,7,V90 CC,785,"1,157",-32.2 %,"6,564","6,431",2.1 %
2021,7,XC40,"15,097","18,726",-19.4 %,"133,218","87,085",53.0 %
2021,7,XC60,"19,132","17,861",7.1 %,"132,632","96,622",37.3 %
2021,7,XC90,"9,694","8,751",10.8 %,"63,870","46,669",36.9 %
2021,8,S60 II,0,0,-,1,27,-96.3 %
2021,8,S60,"3,505","4,575",-23.4 %,"32,946","24,955",32.0 %
2021,8,S60L,0,14,-,-,"4,236",-
2021,8,S90,"3,546","3,715",-4.5 %,"33,211","26,205",26.7 %
2021,8,V40,0,134,-,22,"2,255",-99.0 %
2021,8,V40 CC,1,35,-97.1 %,5,514,-99.0 %
2021,8,V60,0,0,-,2,19,-89.5 %
2021,8,V60 CC,0,0,-,-,2,-
2021,8,V60 CC,829,"1,199",-30.9 %,"10,074","10,333",-2.5 %
2021,8,V60,"2,101","2,960",-29.0 %,"28,410","31,063",-8.5 %
2021,8,V90,432,867,-50.2 %,"7,099","9,336",-24.0 %
2021,8,V90 CC,661,"1,008",-34.4 %,"7,225","7,439",-2.9 %
2021,8,XC40,"11,716","13,828",-15.3 %,"144,934","100,913",43.6 %
2021,8,XC60,"14,972","15,938",-6.1 %,"147,604","112,560",31.1 %
2021,8,XC90,"8,023","6,966",15.2 %,"71,893","53,635",34.0 %
2021,9,S60,"3,178","5,688",-44.1 %,"36,124","30,643",17.9 %
2021,9,S60L,0,1,-,-,"4,237",-
2021,9,S60 CC,0,0,-,1,27,-96.3 %
2021,9,S90,"3,082","5,333",-42.2 %,"36,293","31,538",15.1 %
2021,9,V40,0,207,-,22,"2,462",-99.1 %
2021,9,V40 CC,1,31,-96.8 %,6,545,-98.9 %
2021,9,V60,1,1,0.0 %,3,20,-85.0 %
2021,9,V60 CC,0,0,-,-,2,-
2021,9,V60 CC,"1,100","1,730",-36.4 %,"11,174","12,063",-7.4 %
2021,9,V60,"2,850","4,954",-42.5 %,"31,260","36,017",-13.2 %
2021,9,V90,622,"1,265",-50.8 %,"7,721","10,601",-27.2 %
2021,9,V90 CC,902,"1,211",-25.5 %,"8,127","8,650",-6.0 %
2021,9,XC40,"11,986","20,992",-42.9 %,"156,920","121,905",28.7 %
2021,9,XC60,1,0,100.0 %,1,0,100.0 %
2021,9,XC60,"14,992","18,531",-19.1 %,"162,596","131,091",24.0 %
2021,9,XC90,"8,508","7,692",10.6 %,"80,401","61,327",31.1 %
2021,10,S60 II,0,0,-,1,27,-96.3 %
2021,10,S60,"4,275","5,410",-21.0 %,"40,398","36,053",12.1 %
2021,10,S60L,0,0,-,-,"4,237",-
2021,10,S90,"2,928","4,636",-36.8 %,"39,221","36,174",8.4 %
2021,10,V40,0,117,-,22,"2,579",-99.1 %
2021,10,V40 CC,0,10,-,6,555,-98.9 %
2021,10,V60,0,0,-,3,20,-85.0 %
2021,10,V60 CC,0,1,-,-,3,-
2021,10,V60 CC,877,"1,099",-20.2 %,"12,051","13,162",-8.4 %
2021,10,V60,"3,232","4,406",-26.6 %,"34,492","40,423",-14.7 %
2021,10,V90,653,904,-27.8 %,"8,374","11,505",-27.2 %
2021,10,V90 CC,825,821,0.5 %,"8,952","9,471",-5.5 %
2021,10,XC40,"13,987","20,254",-30.9 %,"170,907","142,159",20.2 %
2021,10,XC60,0,0,-,1,0,100.0 %
2021,10,XC60,"15,399","18,764",-17.9 %,"177,995","149,855",18.8 %
2021,10,XC90,"8,639","8,868",-2.6 %,"89,041","70,195",26.8 %
2021,11,C40,145,0,100.0 %,145,0,100.0 %
2021,11,S60 II,0,0,-,1,27,-96.3 %
2021,11,S60,"3,984","6,093",-34.6 %,"44,382","42,146",5.3 %
2021,11,S60L,0,0,-,-,"4,237",-
2021,11,S90,"3,540","4,791",-26.1 %,"42,761","40,965",4.4 %
2021,11,V40,0,139,-,22,"2,718",-99.2 %
2021,11,V40 CC,0,4,-,6,559,-98.9 %
2021,11,V60,0,0,-,3,20,-85.0 %
2021,11,V60 CC,0,0,-,-,3,-
2021,11,V60 CC,946,962,-1.7 %,"12,997","14,124",-8.0 %
2021,11,V60,"3,342","3,939",-15.2 %,"37,834","44,362",-14.7 %
2021,11,V90,688,750,-8.3 %,"9,062","12,255",-26.1 %
2021,11,V90 CC,776,"1,061",-26.9 %,"9,728","10,532",-7.6 %
2021,11,XC40,"13,935","19,170",-27.3 %,"184,842","161,329",14.6 %
2021,11,XC60,0,0,-,1,0,100.0 %
2021,11,XC60,"17,113","19,590",-12.6 %,"195,108","169,445",15.1 %
2021,11,XC90,"8,324","10,080",-17.4 %,"97,365","80,275",21.3 %
2021,12,C40,"1,051",0,100.0 %,"1,196",0,100.0 %
2021,12,S60 II,0,0,-,1,27,-96.3 %
2021,12,S60,"4,861","5,841",-16.8 %,"49,243","47,987",2.6 %
2021,12,S60L,0,0,-,-,"4,237",-
2021,12,S90,"3,807","5,062",-24.8 %,"46,568","46,027",1.2 %
2021,12,V40,0,113,-,22,"2,831",-99.2 %
2021,12,V40 CC,0,4,-,6,563,-98.9 %
2021,12,V60,0,0,-,3,20,-85.0 %
2021,12,V60 CC,0,0,-,-,3,-
2021,12,V60 CC,"1,268","1,965",-35.5 %,"14,265","16,089",-11.3 %
2021,12,V60,"3,937","4,483",-12.2 %,"41,771","48,800",-14.4 %
2021,12,V90,992,"1,314",-24.5 %,"10,054","13,569",-25.9 %
2021,12,V90 CC,932,"1,468",-36.5 %,"10,660","12,000",-11.2 %
2021,12,XC40,"16,195","24,077",-32.7 %,"201,037","185,406",8.4 %
2021,12,XC60,0,0,-,1,0,100.0 %
2021,12,XC60,"20,527","22,251",-7.7 %,"215,635","191,696",12.5 %
2021,12,XC90,"10,866","12,183",-10.8 %,"108,231","92,458",17.1 %
2022,1,C40,"1,002",0,100.0 %,"1,002",0,100.0 %
2022,1,S60 II,0,1,-,-,1,-
2022,1,S60,"4,940","5,203",-5.1 %,"4,940","5,203",-5.1 %
2022,1,S90,"3,601","5,005",-28.1 %,"3,601","5,005",-28.1 %
2022,1,V40,1,10,-90.0 %,1,10,-90.0 %
2022,1,V60 CC,766,"1,279",-40.1 %,766,"1,279",-40.1 %
2022,1,V60,"2,012","3,809",-47.2 %,"2,012","3,809",-47.2 %
2022,1,V90,535,"1,047",-48.9 %,535,"1,047",-48.9 %
2022,1,V90 CC,659,847,-22.2 %,659,847,-22.2 %
2022,1,XC40,"12,286","17,770",-30.9 %,"12,286","17,770",-30.9 %
2022,1,XC60,"14,516","17,053",-14.9 %,"14,516","17,053",-14.9 %
2022,1,XC90,"7,243","7,564",-4.2 %,"7,243","7,564",-4.2 %
2022,2,C40,"1,007",0,100.0 %,"2,009",0,100.0 %
2022,2,S60 II,0,0,-,-,1,-
2022,2,S60,"3,085","3,864",-20.2 %,"8,025","9,067",-11.5 %
2022,2,S90,"2,234","2,778",-19.6 %,"5,835","7,783",-25.0 %
2022,2,V40,0,8,-,1,18,-94.4 %
2022,2,V40 CC,0,3,-,-,3,-
2022,2,V60 CC,745,"1,410",-47.2 %,"1,511","2,689",-43.8 %
2022,2,V60,"1,802","3,765",-52.1 %,"3,814","7,574",-49.6 %
2022,2,V90,908,990,-8.3 %,"1,443","2,037",-29.2 %
2022,2,V90 CC,590,888,-33.6 %,"1,249","1,735",-28.0 %
2022,2,XC40,"12,611","15,818",-20.3 %,"24,897","33,588",-25.9 %
2022,2,XC60,"13,503","14,463",-6.6 %,"28,019","31,516",-11.1 %
2022,2,XC90,"5,582","6,808",-18.0 %,"12,825","14,372",-10.8 %
2022,3,C40,"1,636",0,100.0 %,"3,645",0,100.0 %
2022,3,S60 II,0,0,-,-,1,-
2022,3,S60,"4,148","4,992",-16.9 %,"12,173","14,059",-13.4 %
2022,3,S90,"3,654","4,261",-14.2 %,"9,489","12,044",-21.2 %
2022,3,V40,1,3,-66.7 %,2,21,-90.5 %
2022,3,V40 CC,0,0,-,-,3,-
2022,3,V60 CC,"1,100","2,063",-46.7 %,"2,611","4,752",-45.1 %
2022,3,V60,"2,776","5,841",-52.5 %,"6,590","13,415",-50.9 %
2022,3,V90,970,"1,690",-42.6 %,"2,413","3,727",-35.3 %
2022,3,V90 CC,802,"1,428",-43.8 %,"2,051","3,163",-35.2 %
2022,3,XC40,"17,584","23,958",-26.6 %,"42,481","57,546",-26.2 %
2022,3,XC60,"16,855","21,186",-20.4 %,"44,874","52,702",-14.9 %
2022,3,XC90,"9,141","9,893",-7.6 %,"21,966","24,265",-9.5 %
2022,4,C40,"1,633",0,100.0 %,"5,278",0,100.0 %
2022,4,S60,"2,367","4,280",-44.7 %,"14,540","18,340",-20.7 %
2022,4,S90,"2,308","4,325",-46.6 %,"11,797","16,369",-27.9 %
2022,4,V40,0,0,-,2,21,-90.5 %
2022,4,V40 CC,0,1,-,-,4,-
2022,4,V60 CC,789,"1,213",-35.0 %,"3,400","5,965",-43.0 %
2022,4,V60,"1,884","3,950",-52.3 %,"8,474","17,365",-51.2 %
2022,4,V90,565,913,-38.1 %,"2,978","4,640",-35.8 %
2022,4,V90 CC,568,913,-37.8 %,"2,619","4,076",-35.7 %
2022,4,XC40,"13,876","19,833",-30.0 %,"56,357","77,379",-27.2 %
2022,4,XC60,"14,952","17,925",-16.6 %,"59,826","70,627",-15.3 %
2022,4,XC90,"8,208","9,371",-12.4 %,"30,174","33,636",-10.3 %
2022,5,C40,"1,427",0,100.0 %,"6,705",0,100.0 %
2022,5,S60 II,0,0,-,-,1,-
2022,5,S60,"2,637","4,330",-39.1 %,"17,177","22,669",-24.2 %
2022,5,S90,"2,131","4,475",-52.4 %,"13,928","20,844",-33.2 %
2022,5,V40,0,1,-,2,22,-90.9 %
2022,5,V40 CC,0,0,-,-,4,-
2022,5,V60,0,1,-,-,1,-
2022,5,V60 CC,671,"1,039",-35.4 %,"4,071","7,004",-41.9 %
2022,5,V60,"1,867","2,660",-29.8 %,"10,341","20,025",-48.4 %
2022,5,V90,702,622,12.9 %,"3,680","5,262",-30.1 %
2022,5,V90 CC,514,837,-38.6 %,"3,133","4,913",-36.2 %
2022,5,XC40,"12,097","20,350",-40.6 %,"68,454","97,729",-30.0 %
2022,5,XC60,"15,117","19,835",-23.8 %,"74,943","90,462",-17.2 %
2022,5,XC90,"8,790","9,961",-11.8 %,"38,964","43,597",-10.6 %
2022,6,C40,881,0,100.0 %,"7,586",0,100.0 %
2022,6,S60 II,1,0,100.0 %,-,1,-
2022,6,S60,"3,157","3,690",-14.4 %,"20,334","26,359",-22.9 %
2022,6,S90,"3,897","4,809",-19.0 %,"17,825","25,653",-30.5 %
2022,6,V40,0,0,-,-,22,-
2022,6,V40 CC,0,0,-,-,4,-
2022,6,V60,0,1,-,-,2,-
2022,6,V60 CC,702,"1,074",-34.6 %,"4,773","8,078",-40.9 %
2022,6,V60,"1,574","3,120",-49.6 %,"11,915","23,145",-48.5 %
2022,6,V90,693,655,5.8 %,"4,373","5,917",-26.1 %
2022,6,V90 CC,581,866,-32.9 %,"3,714","5,779",-35.7 %
2022,6,XC40,"10,194","20,392",-50.0 %,"78,648","118,121",-33.4 %
2022,6,XC60,"18,275","23,038",-20.7 %,"93,218","113,500",-17.9 %
2022,6,XC90,"9,949","10,579",-6.0 %,"48,913","54,176",-9.7 %
2022,7,C40,486,0,100.0 %,"8,072",0,100.0 %
2022,7,S60 II,0,0,-,-,1,-
2022,7,S60,"2,934","3,082",-4.8 %,"23,268","29,441",-21.0 %
2022,7,S60L,1,0,100.0 %,-,0,-
2022,7,S90,"4,026","4,012",0.3 %,"21,851","29,665",-26.3 %
2022,7,V40,1,0,100.0 %,3,22,-86.4 %
2022,7,V40 CC,0,0,-,-,4,-
2022,7,V60,0,0,-,-,2,-
2022,7,V60 CC,370,"1,167",-68.3 %,"5,143","9,245",-44.4 %
2022,7,V60,"1,221","3,164",-61.4 %,"13,136","26,309",-50.1 %
2022,7,V90,539,750,-28.1 %,"4,912","6,667",-26.3 %
2022,7,V90 CC,421,785,-46.4 %,"4,135","6,564",-37.0 %
2022,7,XC40,"10,640","15,097",-29.5 %,"89,288","133,218",-33.0 %
2022,7,XC60,"16,261","19,132",-15.0 %,"109,479","132,632",-17.5 %
2022,7,XC90,"7,764","9,694",-19.9 %,"56,677","63,870",-11.3 %
2022,8,C40,978,0,100.0 %,"9,050",0,100.0 %
2022,8,S60 II,0,0,-,-,1,-
2022,8,S60,"3,286","3,505",-6.2 %,"26,554","32,946",-19.4 %
2022,8,S90,"3,630","3,546",2.4 %,"25,481","33,211",-23.3 %
2022,8,V40,0,0,-,-,22,-
2022,8,V40 CC,0,1,-,-,5,-
2022,8,V60,0,0,-,-,2,-
2022,8,V60 CC,329,829,-60.3 %,"5,472","10,074",-45.7 %
2022,8,V60,962,"2,101",-54.2 %,"14,098","28,410",-50.4 %
2022,8,V90,399,432,-7.6 %,"5,311","7,099",-25.2 %
2022,8,V90 CC,477,661,-27.8 %,"4,612","7,225",-36.2 %
2022,8,XC40,"9,766","11,716",-16.6 %,"99,054","144,934",-31.7 %
2022,8,XC60,"16,161","14,972",7.9 %,"125,640","147,604",-14.9 %
2022,8,XC90,"7,678","8,023",-4.3 %,"64,355","71,893",-10.5 %
2022,9,C40,"2,215",0,100.0 %,"11,265",0,100.0 %
2022,9,S60,"2,465","3,178",-22.4 %,"29,019","36,124",-19.7 %
2022,9,S60L,0,0,-,1,0,100.0 %
2022,9,S60 CC,0,0,-,-,1,-
2022,9,S90,"3,806","3,082",23.5 %,"29,287","36,293",-19.3 %
2022,9,V40,0,0,-,3,22,-86.4 %
2022,9,V40 CC,0,1,-,-,6,-
2022,9,V60,0,1,-,-,3,-
2022,9,V60 CC,391,"1,100",-64.5 %,"5,863","11,174",-47.5 %
2022,9,V60,"1,848","2,850",-35.2 %,"15,946","31,260",-49.0 %
2022,9,V90,568,622,-8.7 %,"5,879","7,721",-23.9 %
2022,9,V90 CC,565,902,-37.4 %,"5,177","8,127",-36.3 %
2022,9,XC40,"14,497","11,986",20.9 %,"113,551","156,920",-27.6 %
2022,9,XC60,0,1,-,-,1,-
2022,9,XC60,"15,621","14,992",4.2 %,"141,261","162,596",-13.1 %
2022,9,XC90,"7,380","8,508",-13.3 %,"71,735","80,401",-10.8 %
2022,10,C40,"3,106",0,100.0 %,"14,371",0,100.0 %
2022,10,S60 II,0,0,-,1,1,0.0 %
2022,10,S60,"3,451","4,275",-19.3 %,"32,470","40,398",-19.6 %
2022,10,S90,"3,729","2,928",27.4 %,"33,016","39,221",-15.8 %
2022,10,V40,0,0,-,3,22,-86.4 %
2022,10,V40 CC,0,0,-,-,6,-
2022,10,V60,0,0,-,-,3,-
2022,10,V60 CC,581,877,-33.8 %,"6,444","12,051",-46.5 %
2022,10,V60,"2,314","3,232",-28.4 %,"18,260","34,492",-47.1 %
2022,10,V90,544,653,-16.7 %,"6,423","8,374",-23.3 %
2022,10,V90 CC,528,825,-36.0 %,"5,705","8,952",-36.3 %
2022,10,XC40,"14,883","13,987",6.4 %,"128,434","170,907",-24.9 %
2022,10,XC60,-1,0,-,-1,1,-200.0 %
2022,10,XC60,"17,531","15,399",13.8 %,"158,792","177,995",-10.8 %
2022,10,XC90,"7,651","8,639",-11.4 %,"79,386","89,041",-10.8 %
2022,11,C40,"4,562",145,"3,046.2 %","18,933",145,"12,957.2 %"
2022,11,S60 II,0,0,-,-,1,-
2022,11,S60,"3,048","3,984",-23.5 %,"35,518","44,382",-20.0 %
2022,11,S60L,0,0,-,1,0,100.0 %
2022,11,S90,"5,260","3,540",48.6 %,"38,276","42,761",-10.5 %
2022,11,V40,0,0,-,3,22,-86.4 %
2022,11,V40 CC,0,0,-,-,6,-
2022,11,V60,0,0,-,-,3,-
2022,11,V60 CC,535,946,-43.4 %,"6,979","12,997",-46.3 %
2022,11,V60,"2,494","3,342",-25.4 %,"20,754","37,834",-45.1 %
2022,11,V90,504,688,-26.7 %,"6,927","9,062",-23.6 %
2022,11,V90 CC,693,776,-10.7 %,"6,398","9,728",-34.2 %
2022,11,XC40,"18,188","13,935",30.5 %,"146,622","184,842",-20.7 %
2022,11,XC60,1,0,100.0 %,-,1,-
2022,11,XC60,"15,586","17,113",-8.9 %,"174,378","195,108",-10.6 %
2022,11,XC90,"8,283","8,324",-0.5 %,"87,669","97,365",-10.0 %
2022,12,C40,"5,280","1,051",402.4 %,"24,213","1,196","1,924.5 %"
2022,12,S60 II,0,0,-,-,1,-
2022,12,S60,"3,985","4,861",-18.0 %,"39,503","49,243",-19.8 %
2022,12,S60L,0,0,-,1,0,100.0 %
2022,12,S90,"4,634","3,807",21.7 %,"42,910","46,568",-7.9 %
2022,12,V40,0,0,-,3,22,-86.4 %
2022,12,V40 CC,0,0,-,-,6,-
2022,12,V60,0,0,-,-,3,-
2022,12,V60 CC,844,"1,268",-33.4 %,"7,823","14,265",-45.2 %
2022,12,V60,"3,500","3,937",-11.1 %,"24,254","41,771",-41.9 %
2022,12,V90,703,992,-29.1 %,"7,630","10,054",-24.1 %
2022,12,V90 CC,712,932,-23.6 %,"7,110","10,660",-33.3 %
2022,12,XC40,"22,584","16,195",39.5 %,"169,206","201,037",-15.8 %
2022,12,XC60,0,0,-,-,1,-
2022,12,XC60,"20,960","20,527",2.1 %,"195,338","215,635",-9.4 %
2022,12,XC90,"9,461","10,866",-12.9 %,"97,130","108,231",-10.3 %
2023,1,C40,"2,741","1,002",173.6 %,"2,741","1,002",173.6 %
2023,1,S60,"2,418","4,940",-51.1 %,"2,418","4,940",-51.1 %
2023,1,S90,"3,001","3,601",-16.7 %,"3,001","3,601",-16.7 %
2023,1,V40,0,1,-,-,1,-
2023,1,V60 CC,577,766,-24.7 %,577,766,-24.7 %
2023,1,V60,"1,560","2,012",-22.5 %,"1,560","2,012",-22.5 %
2023,1,V90,309,535,-42.2 %,309,535,-42.2 %
2023,1,V90 CC,422,659,-36.0 %,422,659,-36.0 %
2023,1,XC40,"14,038","12,286",14.3 %,"14,038","12,286",14.3 %
2023,1,XC60,"16,016","14,516",10.3 %,"16,016","14,516",10.3 %
2023,1,XC90,"7,438","7,243",2.7 %,"7,438","7,243",2.7 %
2023,2,C40,"2,632","1,007",161.4 %,"5,373","2,009",167.4 %
2023,2,S60,"2,901","3,085",-6.0 %,"5,319","8,025",-33.7 %
2023,2,S90,"3,753","2,234",68.0 %,"6,754","5,835",15.7 %
2023,2,V40,0,0,-,-,1,-
2023,2,V60 CC,614,745,-17.6 %,"1,191","1,511",-21.2 %
2023,2,V60,"1,745","1,802",-3.2 %,"3,305","3,814",-13.3 %
2023,2,V90,494,908,-45.6 %,803,"1,443",-44.4 %
2023,2,V90 CC,489,590,-17.1 %,911,"1,249",-27.1 %
2023,2,XC40,"15,435","12,611",22.4 %,"29,473","24,897",18.4 %
2023,2,XC60,"16,103","13,503",19.3 %,"32,119","28,019",14.6 %
2023,2,XC90,"7,120","5,582",27.6 %,"14,558","12,825",13.5 %
2023,3,C40,"3,605","1,636",120.4 %,"8,978","3,645",146.3 %
2023,3,S60,"2,812","4,148",-32.2 %,"8,131","12,173",-33.2 %
2023,3,S90,"3,608","3,654",-1.3 %,"10,362","9,489",9.2 %
2023,3,V40,0,1,-,-,2,-
2023,3,V60 CC,861,"1,100",-21.7 %,"2,052","2,611",-21.4 %
2023,3,V60,"2,334","2,776",-15.9 %,"5,639","6,590",-14.4 %
2023,3,V90,707,970,-27.1 %,"1,510","2,413",-37.4 %
2023,3,V90 CC,731,802,-8.9 %,"1,642","2,051",-19.9 %
2023,3,XC40,"20,556","17,584",16.9 %,"50,029","42,481",17.8 %
2023,3,XC60,"18,090","16,855",7.3 %,"50,209","44,874",11.9 %
2023,3,XC90,"9,828","9,141",7.5 %,"24,386","21,966",11.0 %
2023,4,C40,"3,205","1,633",96.3 %,"12,183","5,278",130.8 %
2023,4,S60,"2,837","2,367",19.9 %,"10,968","14,540",-24.6 %
2023,4,S90,"3,687","2,308",59.7 %,"14,049","11,797",19.1 %
2023,4,V40,0,0,-,-,2,-
2023,4,V60 CC,594,789,-24.7 %,"2,646","3,400",-22.2 %
2023,4,V60,"1,846","1,884",-2.0 %,"7,485","8,474",-11.7 %
2023,4,V90,608,565,7.6 %,"2,118","2,978",-28.9 %
2023,4,V90 CC,622,568,9.5 %,"2,264","2,619",-13.6 %
2023,4,XC40,"13,740","13,876",-1.0 %,"63,769","56,357",13.2 %
2023,4,XC60,"16,658","14,952",11.4 %,"66,867","59,826",11.8 %
2023,4,XC90,"8,179","8,208",-0.4 %,"32,565","30,174",7.9 %
2023,5,C40,"3,925","1,427",175.1 %,"16,108","6,705",140.2 %
2023,5,S60,"3,028","2,637",14.8 %,"13,996","17,177",-18.5 %
2023,5,S90,"4,399","2,131",106.4 %,"18,448","13,928",32.5 %
2023,5,V40,0,0,-,-,2,-
2023,5,V60 CC,668,671,-0.4 %,"3,314","4,071",-18.6 %
2023,5,V60,"2,284","1,867",22.3 %,"9,769","10,341",-5.5 %
2023,5,V90,702,702,0.0 %,"2,820","3,680",-23.4 %
2023,5,V90 CC,686,514,33.5 %,"2,950","3,133",-5.8 %
2023,5,XC40,"17,596","12,097",45.5 %,"81,365","68,454",18.9 %
2023,5,XC60,"18,052","15,117",19.4 %,"84,919","74,943",13.3 %
2023,5,XC90,"9,058","8,790",3.0 %,"41,623","38,964",6.8 %
2023,6,C40,"4,173",881,373.7 %,"20,281","7,586",167.3 %
2023,6,S60 II,0,1,-,-,0,-
2023,6,S60,"3,880","3,157",22.9 %,"17,876","20,334",-12.1 %
2023,6,S90,"4,631","3,897",18.8 %,"23,079","17,825",29.5 %
2023,6,V60 CC,866,702,23.4 %,"4,180","4,773",-12.4 %
2023,6,V60,"2,347","1,574",49.1 %,"12,116","11,915",1.7 %
2023,6,V90,744,693,7.4 %,"3,564","4,373",-18.5 %
2023,6,V90 CC,620,581,6.7 %,"3,570","3,714",-3.9 %
2023,6,XC40,"18,170","10,194",78.2 %,"99,535","78,648",26.6 %
2023,6,XC60,"21,053","18,275",15.2 %,"105,972","93,218",13.7 %
2023,6,XC90,"9,895","9,949",-0.5 %,"51,518","48,913",5.3 %
2023,7,C40,"1,975",486,306.4 %,"22,256","8,072",175.7 %
2023,7,S60,"3,167","2,934",7.9 %,"21,043","23,268",-9.6 %
2023,7,S60L,0,1,-,-,0,-
2023,7,S90,"4,152","4,026",3.1 %,"27,231","21,851",24.6 %
2023,7,V40,0,1,-,-,3,-
2023,7,V60 CC,514,370,38.9 %,"4,694","5,143",-8.7 %
2023,7,V60,"1,700","1,221",39.2 %,"13,816","13,136",5.2 %
2023,7,V90,665,539,23.4 %,"4,229","4,912",-13.9 %
2023,7,V90 CC,499,421,18.5 %,"4,069","4,135",-1.6 %
2023,7,XC40,"14,594","10,640",37.2 %,"114,129","89,288",27.8 %
2023,7,XC60,"18,259","16,261",12.3 %,"124,231","109,479",13.5 %
2023,7,XC90,"8,640","7,764",11.3 %,"60,158","56,677",6.1 %
2023,8,C40,"2,087",978,113.4 %,"24,343","9,050",169.0 %
2023,8,S60,"3,477","3,286",5.8 %,"24,520","26,554",-7.7 %
2023,8,S90,"4,716","3,630",29.9 %,"31,947","25,481",25.4 %
2023,8,V60 CC,484,329,47.1 %,"5,178","5,472",-5.4 %
2023,8,V60,"1,259",962,30.9 %,"15,075","14,098",6.9 %
2023,8,V90,429,399,7.5 %,"4,658","5,311",-12.3 %
2023,8,V90 CC,447,477,-6.3 %,"4,516","4,612",-2.1 %
2023,8,XC40,"13,942","9,766",42.8 %,"128,071","99,054",29.3 %
2023,8,XC60,"16,476","16,161",1.9 %,"140,707","125,640",12.0 %
2023,8,XC90,"8,319","7,678",8.3 %,"68,477","64,355",6.4 %
2023,9,C40,"2,833","2,215",27.9 %,"27,176","11,265",141.2 %
2023,9,S60,"4,204","2,465",70.5 %,"28,724","29,019",-1.0 %
2023,9,S60L,0,0,-,-,1,-
2023,9,S90,"4,630","3,806",21.7 %,"36,577","29,287",24.9 %
2023,9,V40,0,0,-,-,3,-
2023,9,V60 CC,475,391,21.5 %,"5,653","5,863",-3.6 %
2023,9,V60,"1,448","1,848",-21.6 %,"16,523","15,946",3.6 %
2023,9,V90,542,568,-4.6 %,"5,200","5,879",-11.5 %
2023,9,V90 CC,455,565,-19.5 %,"4,971","5,177",-4.0 %
2023,9,XC40,"18,306","14,497",26.3 %,"146,377","113,551",28.9 %
2023,9,XC60,"20,243","15,621",29.6 %,"160,950","141,261",13.9 %
2023,9,XC90,"8,530","7,380",15.6 %,"77,007","71,735",7.3 %
2023,10,C40,"3,095","3,106",-0.4 %,"30,271","14,371",110.6 %
2023,10,S60 II,0,0,-,-,1,-
2023,10,S60,"3,917","3,451",13.5 %,"32,641","32,470",0.5 %
2023,10,S90,"4,245","3,729",13.8 %,"40,822","33,016",23.6 %
2023,10,V40,0,0,-,-,3,-
2023,10,V60 CC,728,581,25.3 %,"6,381","6,444",-1.0 %
2023,10,V60,"1,592","2,314",-31.2 %,"18,115","18,260",-0.8 %
2023,10,V90,473,544,-13.1 %,"5,673","6,423",-11.7 %
2023,10,V90 CC,616,528,16.7 %,"5,587","5,705",-2.1 %
2023,10,XC40,"17,022","14,883",14.4 %,"163,399","128,434",27.2 %
2023,10,XC60,"20,212","17,531",15.3 %,"181,162","158,792",14.1 %
2023,10,XC90,"7,961","7,651",4.1 %,"84,968","79,386",7.0 %
2023,11,C40,"2,991","4,562",-34.4 %,"33,262","18,933",75.7 %
2023,11,EX30,33,0,100.0 %,33,0,100.0 %
2023,11,S60,"3,837","3,048",25.9 %,"36,478","35,518",2.7 %
2023,11,S60L,0,0,-,-,1,-
2023,11,S90,"4,010","5,260",-23.8 %,"44,832","38,276",17.1 %
2023,11,V40,0,0,-,-,3,-
2023,11,V60 CC,768,535,43.6 %,"7,149","6,979",2.4 %
2023,11,V60,"1,867","2,494",-25.1 %,"19,982","20,754",-3.7 %
2023,11,V90,654,504,29.8 %,"6,327","6,927",-8.7 %
2023,11,V90 CC,673,693,-2.9 %,"6,260","6,398",-2.2 %
2023,11,XC40,"16,672","18,188",-8.3 %,"180,071","146,622",22.8 %
2023,11,XC60,0,1,-,-,0,-
2023,11,XC60,"22,317","15,586",43.2 %,"203,479","174,378",16.7 %
2023,11,XC90,"9,860","8,283",19.0 %,"94,828","87,669",8.2 %
2023,12,C40,"3,852","5,280",-27.0 %,"37,114","24,213",53.3 %
2023,12,EX30,606,0,100.0 %,639,0,100.0 %
2023,12,S60,"3,675","3,985",-7.8 %,"40,153","39,503",1.6 %
2023,12,S60L,0,0,-,-,1,-
2023,12,S90,"4,451","4,634",-3.9 %,"49,283","42,910",14.9 %
2023,12,V40,0,0,-,-,3,-
2023,12,V60 CC,974,844,15.4 %,"8,123","7,823",3.8 %
2023,12,V60,"2,333","3,500",-33.3 %,"22,315","24,254",-8.0 %
2023,12,V90,795,703,13.1 %,"7,122","7,630",-6.7 %
2023,12,V90 CC,842,712,18.3 %,"7,102","7,110",-0.1 %
2023,12,XC40,"20,599","22,584",-8.8 %,"200,670","169,206",18.6 %
2023,12,XC60,"25,167","20,960",20.1 %,"228,646","195,338",17.1 %
2023,12,XC90,"12,721","9,461",34.5 %,"107,549","97,130",10.7 %
